Id,Label,Eccentricity,Closeness Centrality,Betweenness Centrality,Modularity Class,In-Degree,Out-Degree,Degree,Weighted Degree,Weighted In-Degree,Weighted Out-Degree,Authority,Hub,PageRank,Component ID,Clustering Coefficient,Number of triangles,Eigenvector Centrality
0,gavarnara,6.0,3.1739130434782608,0.0,132,1,0,1,1.0,1.0,0.0,0.003478261,0.003478261,0.0026420556469693482,0,0.0,0,0.005026315925925418
1,smAraka,0.0,0.0,0.0,0,0,0,0,0.0,0.0,0.0,0.0,0.0,6.784410185543174E-4,1,0.0,0,0.0
2,jalamArgoM,8.0,4.848101265822785,0.0,128,1,0,1,1.0,1.0,0.0,0.003478261,0.003478261,0.002407235365707248,2,0.0,0,0.0038713393906593804
3,bhaNDAra,0.0,0.0,0.0,1,0,0,0,0.0,0.0,0.0,0.0,0.0,6.784410185543174E-4,3,0.0,0,0.0
4,mArga,7.0,3.8607594936708862,155.0,128,1,2,3,3.0,1.0,2.0,0.006956522,0.006956522,0.006045113552461092,2,0.0,0,0.017176324932163946
5,shikShA,1.0,1.0,0.0,2,0,1,1,1.0,0.0,1.0,0.003478261,0.003478261,0.00474583486527308,4,0.0,0,0.0015513495029228692
6,shreNI,8.0,4.443037974683544,270.0000000000001,128,2,2,4,4.0,2.0,2.0,0.008695652,0.008695652,0.00796825392985303,2,0.0,0,0.015529951243696181
7,bhUmikA,0.0,0.0,0.0,3,0,0,0,0.0,0.0,0.0,0.0,0.0,6.784410185543174E-4,5,0.0,0,0.0
8,pairoM,0.0,0.0,0.0,4,0,0,0,0.0,0.0,0.0,0.0,0.0,6.784410185543174E-4,6,0.0,0,0.0
9,samaya,2.0,1.3333333333333333,0.75,167,0,4,4,4.0,0.0,4.0,0.008695652,0.008695652,0.003751172813019515,7,0.5,3,0.0277712444714378
10,vyaMgya,0.0,0.0,0.0,5,0,0,0,0.0,0.0,0.0,0.0,0.0,6.784410185543174E-4,8,0.0,0,0.0
11,logoM,0.0,0.0,0.0,6,0,0,0,0.0,0.0,0.0,0.0,0.0,6.784410185543174E-4,9,0.0,0,0.0
12,mastI,0.0,0.0,0.0,7,0,0,0,0.0,0.0,0.0,0.0,0.0,6.784410185543174E-4,10,0.0,0,0.0
13,nAgaura,7.0,3.8607594936708862,0.0,82,1,0,1,1.0,1.0,0.0,0.003478261,0.003478261,0.0018918124273840159,2,0.0,0,0.0448100991226362
14,javAharalAla_neharU,0.0,0.0,0.0,8,0,0,0,0.0,0.0,0.0,0.0,0.0,6.784410185543174E-4,11,0.0,0,0.0
15,jAnavara,1.0,1.0,0.0,126,0,1,1,1.0,0.0,1.0,0.003478261,0.003478261,0.00474583486527308,12,0.0,0,0.0015513495029228692
16,U.nTagA.DI,0.0,0.0,0.0,9,0,0,0,0.0,0.0,0.0,0.0,0.0,6.784410185543174E-4,13,0.0,0,0.0
17,rAma,0.0,0.0,0.0,10,0,0,0,0.0,0.0,0.0,0.0,0.0,6.784410185543174E-4,14,0.0,0,0.0
18,sthala,6.0,2.4936708860759493,434.3317460317457,102,4,20,24,25.0,4.0,21.0,0.041739132,0.041739132,0.01974716589844597,2,0.2015810276679842,51,1.0
19,yAtriyoM,7.0,2.8260869565217392,0.0,125,1,0,1,1.0,1.0,0.0,0.003478261,0.003478261,0.0026214771513946014,0,0.0,0,0.011516143546262281
20,uttara,0.0,0.0,0.0,11,0,0,0,0.0,0.0,0.0,0.0,0.0,6.784410185543174E-4,15,0.0,0,0.0
21,jAlI,0.0,0.0,0.0,12,0,0,0,0.0,0.0,0.0,0.0,0.0,6.784410185543174E-4,16,0.0,0,0.0
22,vyakti,6.0,1.8695652173913044,222.0,125,0,14,14,14.0,0.0,14.0,0.026086956,0.026086956,0.03154765832666486,0,0.0,0,0.04659758472654342
23,bIkAnera,7.0,3.8607594936708862,0.0,82,1,0,1,1.0,1.0,0.0,0.003478261,0.003478261,0.0018918124273840159,2,0.0,0,0.0448100991226362
24,rUpa,1.0,1.0,28.0,203,0,8,8,8.0,0.0,8.0,0.015652174,0.015652174,0.01998913807634577,17,0.0,0,0.018585262882538107
25,vyaktitvoM,0.0,0.0,0.0,13,0,0,0,0.0,0.0,0.0,0.0,0.0,6.784410185543174E-4,18,0.0,0,0.0
26,hoTala,7.0,3.8860759493670884,0.0,72,1,0,1,1.0,1.0,0.0,0.003478261,0.003478261,0.0017106000371290538,2,0.0,0,0.039326843960242275
27,ga.Daba.DiyoM,2.0,1.875,0.0,203,1,0,1,1.0,1.0,0.0,0.003478261,0.003478261,0.002840421963888994,17,0.0,0,0.006017429178026285
28,saMginI,0.0,0.0,0.0,14,0,0,0,0.0,0.0,0.0,0.0,0.0,6.784410185543174E-4,19,0.0,0,0.0
29,namaka,0.0,0.0,0.0,15,0,0,0,0.0,0.0,0.0,0.0,0.0,6.784410185543174E-4,20,0.0,0,0.0
30,sapane,0.0,0.0,0.0,16,0,0,0,0.0,0.0,0.0,0.0,0.0,6.784410185543174E-4,21,0.0,0,0.0
31,nakkAshI,10.0,6.2405063291139244,0.0,128,1,0,1,1.0,1.0,0.0,0.003478261,0.003478261,0.002380836946252767,2,0.0,0,0.006135923407306955
32,kAla,2.0,1.3333333333333333,0.75,167,0,4,4,4.0,0.0,4.0,0.008695652,0.008695652,0.003751172813019515,7,0.5,3,0.0277712444714378
33,nivAsa,6.0,2.8987341772151898,655.9388888888886,72,4,4,8,8.0,4.0,4.0,0.015652174,0.015652174,0.009631118256962798,2,0.10714285714285714,3,0.37236685645153383
34,AdhAra,0.0,0.0,0.0,17,0,0,0,0.0,0.0,0.0,0.0,0.0,6.784410185543174E-4,22,0.0,0,0.0
35,saMsthApaka,0.0,0.0,0.0,18,0,0,0,0.0,0.0,0.0,0.0,0.0,6.784410185543174E-4,23,0.0,0,0.0
36,Apa,0.0,0.0,0.0,19,0,0,0,0.0,0.0,0.0,0.0,0.0,6.784410185543174E-4,24,0.0,0,0.0
37,taraha,9.0,5.430379746835443,0.0,128,1,0,1,1.0,1.0,0.0,0.003478261,0.003478261,0.002382975188666264,2,0.0,0,0.004516044565861771
38,visheShatA,2.0,1.3333333333333333,0.0,121,2,3,5,5.0,2.0,3.0,0.006956522,0.006956522,0.003973499399133766,25,1.0,3,0.009017365732618214
39,kArIgara,7.0,2.8260869565217392,0.0,125,1,0,1,1.0,1.0,0.0,0.003478261,0.003478261,0.0026214771513946014,0,0.0,0,0.011516143546262281
40,anubhava,0.0,0.0,0.0,20,0,0,0,0.0,0.0,0.0,0.0,0.0,6.784410185543174E-4,26,0.0,0,0.0
41,gAMdhI,0.0,0.0,0.0,21,0,0,0,0.0,0.0,0.0,0.0,0.0,6.784410185543174E-4,27,0.0,0,0.0
42,kaTorI,0.0,0.0,0.0,22,0,0,0,0.0,0.0,0.0,0.0,0.0,6.784410185543174E-4,28,0.0,0,0.0
43,ashvamedha,1.0,1.0,0.0,107,1,0,1,1.0,1.0,0.0,0.003478261,0.003478261,0.00474583486527308,29,0.0,0,0.0015513495029228692
44,sudhAra,0.0,0.0,0.0,23,0,0,0,0.0,0.0,0.0,0.0,0.0,6.784410185543174E-4,30,0.0,0,0.0
45,saMskRRiti,0.0,0.0,0.0,24,0,0,0,0.0,0.0,0.0,0.0,0.0,6.784410185543174E-4,31,0.0,0,0.0
46,kasbe,0.0,0.0,0.0,25,0,0,0,0.0,0.0,0.0,0.0,0.0,6.784410185543174E-4,32,0.0,0,0.0
47,saMgrahAlaya,6.0,3.1265822784810124,4.938888888888888,102,4,0,4,4.0,4.0,0.0,0.008695652,0.008695652,0.0035992502536007854,2,0.5,3,0.34989436653330913
48,soma,0.0,0.0,0.0,26,0,0,0,0.0,0.0,0.0,0.0,0.0,6.784410185543174E-4,33,0.0,0,0.0
49,gRRiha,7.0,3.759493670886076,377.0,72,1,3,4,4.0,1.0,3.0,0.008695652,0.008695652,0.0076227326215408345,2,0.0,0,0.04702323655747562
50,musalamAnoM,0.0,0.0,0.0,27,0,0,0,0.0,0.0,0.0,0.0,0.0,6.784410185543174E-4,34,0.0,0,0.0
51,dAvata,0.0,0.0,0.0,28,0,0,0,0.0,0.0,0.0,0.0,0.0,6.784410185543174E-4,35,0.0,0,0.0
52,smRRitiyoM,0.0,0.0,0.0,29,0,0,0,0.0,0.0,0.0,0.0,0.0,6.784410185543174E-4,36,0.0,0,0.0
53,sudhAraka,7.0,2.8260869565217392,0.0,125,1,0,1,1.0,1.0,0.0,0.003478261,0.003478261,0.0026214771513946014,0,0.0,0,0.011516143546262281
54,pashcima,0.0,0.0,0.0,30,0,0,0,0.0,0.0,0.0,0.0,0.0,6.784410185543174E-4,37,0.0,0,0.0
55,samAdhi,1.0,1.0,0.0,46,1,0,1,1.0,1.0,0.0,0.003478261,0.003478261,0.00474583486527308,38,0.0,0,0.0015513495029228692
56,vyApAra,0.0,0.0,0.0,31,0,0,0,0.0,0.0,0.0,0.0,0.0,6.784410185543174E-4,39,0.0,0,0.0
57,cAMdI,0.0,0.0,0.0,32,0,0,0,0.0,0.0,0.0,0.0,0.0,6.784410185543174E-4,40,0.0,0,0.0
58,janavarI,0.0,0.0,0.0,33,0,0,0,0.0,0.0,0.0,0.0,0.0,6.784410185543174E-4,41,0.0,0,0.0
59,jaina,1.0,1.0,0.0,204,1,0,1,1.0,1.0,0.0,0.003478261,0.003478261,0.00474583486527308,42,0.0,0,0.0015513495029228692
60,khIMcatA,0.0,0.0,0.0,34,0,0,0,0.0,0.0,0.0,0.0,0.0,6.784410185543174E-4,43,0.0,0,0.0
61,kamala,9.0,4.89873417721519,0.0,103,0,1,1,2.0,0.0,2.0,0.003478261,0.003478261,0.001523310258271548,2,0.0,0,0.009372602474331004
62,sapheda,0.0,0.0,0.0,35,0,0,0,0.0,0.0,0.0,0.0,0.0,6.784410185543174E-4,44,0.0,0,0.0
63,ghATI,6.0,3.1265822784810124,4.938888888888888,102,4,0,4,4.0,4.0,0.0,0.008695652,0.008695652,0.0035992502536007854,2,0.5,3,0.34989436653330913
64,madhya,8.0,4.493670886075949,114.99999999999989,128,2,0,2,2.0,2.0,0.0,0.0052173915,0.0052173915,0.0038767738170444677,2,0.0,0,0.011518201181104604
65,ajamera,7.0,3.8607594936708862,0.0,82,1,0,1,1.0,1.0,0.0,0.003478261,0.003478261,0.0018918124273840159,2,0.0,0,0.0448100991226362
66,akabara,6.0,3.1739130434782608,0.0,132,1,0,1,1.0,1.0,0.0,0.003478261,0.003478261,0.0026420556469693482,0,0.0,0,0.005026315925925418
67,pradesha,5.0,2.329113924050633,1515.4166666666654,102,2,23,25,27.0,2.0,25.0,0.04347826,0.04347826,0.021988896994160782,2,0.06521739130434782,18,0.8771388721808664
68,puShkara,8.0,4.405063291139241,162.95238095238088,103,1,3,4,7.0,1.0,6.0,0.008695652,0.008695652,0.005232560679868491,2,0.3333333333333333,2,0.03152590758774151
69,prArthanA,0.0,0.0,0.0,36,0,0,0,0.0,0.0,0.0,0.0,0.0,6.784410185543174E-4,45,0.0,0,0.0
70,ThaharAvoM,2.0,1.875,0.0,203,1,0,1,1.0,1.0,0.0,0.003478261,0.003478261,0.002840421963888994,17,0.0,0,0.006017429178026285
71,prApta,0.0,0.0,0.0,37,0,0,0,0.0,0.0,0.0,0.0,0.0,6.784410185543174E-4,46,0.0,0,0.0
72,pradAna,0.0,0.0,0.0,38,0,0,0,0.0,0.0,0.0,0.0,0.0,6.784410185543174E-4,47,0.0,0,0.0
73,kimI,0.0,0.0,0.0,39,0,0,0,0.0,0.0,0.0,0.0,0.0,6.784410185543174E-4,48,0.0,0,0.0
74,mahIne,0.0,0.0,0.0,40,0,0,0,0.0,0.0,0.0,0.0,0.0,6.784410185543174E-4,49,0.0,0,0.0
75,relave,0.0,0.0,0.0,41,0,0,0,0.0,0.0,0.0,0.0,0.0,6.784410185543174E-4,50,0.0,0,0.0
76,shAma,2.0,1.3333333333333333,0.75,167,4,0,4,4.0,4.0,0.0,0.008695652,0.008695652,0.003751172813019515,7,0.5,3,0.0277712444714378
77,makara_saMkrAMti,0.0,0.0,0.0,42,0,0,0,0.0,0.0,0.0,0.0,0.0,6.784410185543174E-4,51,0.0,0,0.0
78,kele,0.0,0.0,0.0,43,0,0,0,0.0,0.0,0.0,0.0,0.0,6.784410185543174E-4,52,0.0,0,0.0
79,baMgale,8.0,4.746835443037975,0.0,72,1,0,1,1.0,1.0,0.0,0.003478261,0.003478261,0.0023117481327877116,2,0.0,0,0.007107907031478341
80,pradarshana,0.0,0.0,0.0,44,0,0,0,0.0,0.0,0.0,0.0,0.0,6.784410185543174E-4,53,0.0,0,0.0
81,kinAre,0.0,0.0,0.0,45,0,0,0,0.0,0.0,0.0,0.0,0.0,6.784410185543174E-4,54,0.0,0,0.0
82,mRRityu,1.0,1.0,0.0,46,0,1,1,1.0,0.0,1.0,0.003478261,0.003478261,0.00474583486527308,38,0.0,0,0.0015513495029228692
83,vAsiyoM,7.0,2.8260869565217392,0.0,125,1,0,1,1.0,1.0,0.0,0.003478261,0.003478261,0.0026214771513946014,0,0.0,0,0.011516143546262281
84,sarasvatI,8.0,4.518987341772152,0.0,103,1,0,1,1.0,1.0,0.0,0.003478261,0.003478261,0.0017048768711151008,2,0.0,0,0.014757058655007807
85,sabhyatA,0.0,0.0,0.0,47,0,0,0,0.0,0.0,0.0,0.0,0.0,6.784410185543174E-4,55,0.0,0,0.0
86,srota,6.0,3.1265822784810124,4.938888888888888,102,4,0,4,4.0,4.0,0.0,0.008695652,0.008695652,0.0035992502536007854,2,0.5,3,0.34989436653330913
87,kharIda,0.0,0.0,0.0,48,0,0,0,0.0,0.0,0.0,0.0,0.0,6.784410185543174E-4,56,0.0,0,0.0
88,samudra,9.0,4.784810126582278,5.5,103,3,0,3,6.0,6.0,0.0,0.006956522,0.006956522,0.0037410382044857013,2,0.3333333333333333,1,0.021084208275778397
89,mArgadarshaka,7.0,2.8260869565217392,0.0,125,1,0,1,1.0,1.0,0.0,0.003478261,0.003478261,0.0026214771513946014,0,0.0,0,0.011516143546262281
90,varSha,0.0,0.0,0.0,49,0,0,0,0.0,0.0,0.0,0.0,0.0,6.784410185543174E-4,57,0.0,0,0.0
91,utpatti,0.0,0.0,0.0,50,0,0,0,0.0,0.0,0.0,0.0,0.0,6.784410185543174E-4,58,0.0,0,0.0
92,khoja,0.0,0.0,0.0,51,0,0,0,0.0,0.0,0.0,0.0,0.0,6.784410185543174E-4,59,0.0,0,0.0
93,kavi,0.0,0.0,0.0,52,0,0,0,0.0,0.0,0.0,0.0,0.0,6.784410185543174E-4,60,0.0,0,0.0
94,hAtha,0.0,0.0,0.0,53,0,0,0,0.0,0.0,0.0,0.0,0.0,6.784410185543174E-4,61,0.0,0,0.0
95,yakShI,0.0,0.0,0.0,54,0,0,0,0.0,0.0,0.0,0.0,0.0,6.784410185543174E-4,62,0.0,0,0.0
96,jIvana,0.0,0.0,0.0,55,0,0,0,0.0,0.0,0.0,0.0,0.0,6.784410185543174E-4,63,0.0,0,0.0
97,vajana,0.0,0.0,0.0,56,0,0,0,0.0,0.0,0.0,0.0,0.0,6.784410185543174E-4,64,0.0,0,0.0
98,utsava,0.0,0.0,0.0,57,0,0,0,0.0,0.0,0.0,0.0,0.0,6.784410185543174E-4,65,0.0,0,0.0
99,yuvA,0.0,0.0,0.0,58,0,0,0,0.0,0.0,0.0,0.0,0.0,6.784410185543174E-4,66,0.0,0,0.0
100,sthAna,7.0,2.7721518987341773,356.7166666666668,102,0,20,20,20.0,0.0,20.0,0.03652174,0.03652174,0.017052719510621865,2,0.08947368421052632,17,0.7639701921223139
101,guNa,1.0,1.0,2.0,121,1,3,4,4.0,1.0,3.0,0.006956522,0.006956522,0.004376790374558026,25,0.3333333333333333,1,0.007735731337293959
102,mahattA,0.0,0.0,0.0,59,0,0,0,0.0,0.0,0.0,0.0,0.0,6.784410185543174E-4,67,0.0,0,0.0
103,sailAniyoM,0.0,0.0,0.0,60,0,0,0,0.0,0.0,0.0,0.0,0.0,6.784410185543174E-4,68,0.0,0,0.0
104,tIrthayAtrA,0.0,0.0,0.0,61,0,0,0,0.0,0.0,0.0,0.0,0.0,6.784410185543174E-4,69,0.0,0,0.0
105,progrAma,0.0,0.0,0.0,62,0,0,0,0.0,0.0,0.0,0.0,0.0,6.784410185543174E-4,70,0.0,0,0.0
106,phasaloM,0.0,0.0,0.0,63,0,0,0,0.0,0.0,0.0,0.0,0.0,6.784410185543174E-4,71,0.0,0,0.0
107,kA.cleja,0.0,0.0,0.0,64,0,0,0,0.0,0.0,0.0,0.0,0.0,6.784410185543174E-4,72,0.0,0,0.0
108,Tuka.DA,7.0,3.632911392405063,753.5,128,0,4,4,4.0,0.0,4.0,0.008695652,0.008695652,0.006968551412791634,2,0.0,0,0.025241131727561174
109,kahAnI,1.0,1.0,1.0,178,1,1,2,2.0,1.0,1.0,0.0052173915,0.0052173915,0.006923449609712034,73,0.0,0,0.003308281424682205
110,jAti,8.0,4.468354430379747,193.00000000000009,128,2,1,3,3.0,2.0,1.0,0.006956522,0.006956522,0.005905095407809604,2,0.0,0,0.013417967149618001
111,rAjya,7.0,4.253164556962025,0.5,147,0,2,2,3.0,0.0,3.0,0.0052173915,0.0052173915,0.0030133019023738565,2,0.0,0,0.021727312166902088
112,rAja,0.0,0.0,0.0,65,0,0,0,0.0,0.0,0.0,0.0,0.0,6.784410185543174E-4,74,0.0,0,0.0
113,bhAgoM,0.0,0.0,0.0,66,0,0,0,0.0,0.0,0.0,0.0,0.0,6.784410185543174E-4,75,0.0,0,0.0
114,bhI.Da,0.0,0.0,0.0,67,0,0,0,0.0,0.0,0.0,0.0,0.0,6.784410185543174E-4,76,0.0,0,0.0
115,kuMbha,2.0,1.5,0.0,201,1,0,1,1.0,1.0,0.0,0.003478261,0.003478261,0.003657027493053601,77,0.0,0,0.0021076158471247473
116,dvArA,8.0,4.848101265822785,0.0,128,1,0,1,1.0,1.0,0.0,0.003478261,0.003478261,0.002407235365707248,2,0.0,0,0.0038713393906593804
117,saMketa,0.0,0.0,0.0,68,0,0,0,0.0,0.0,0.0,0.0,0.0,6.784410185543174E-4,78,0.0,0,0.0
118,DubakI,0.0,0.0,0.0,69,0,0,0,0.0,0.0,0.0,0.0,0.0,6.784410185543174E-4,79,0.0,0,0.0
119,samaya,1.0,1.0,1.5,167,4,4,8,8.0,4.0,4.0,0.013913044,0.013913044,0.006163341057233425,7,0.42857142857142855,9,0.04602848552537132
120,sainika,7.0,2.8260869565217392,0.0,125,1,0,1,1.0,1.0,0.0,0.003478261,0.003478261,0.0026214771513946014,0,0.0,0,0.011516143546262281
121,dhanI,7.0,2.8260869565217392,0.0,125,1,0,1,1.0,1.0,0.0,0.003478261,0.003478261,0.0026214771513946014,0,0.0,0,0.011516143546262281
122,varuNa,0.0,0.0,0.0,70,0,0,0,0.0,0.0,0.0,0.0,0.0,6.784410185543174E-4,80,0.0,0,0.0
123,namUnA,2.0,1.875,0.0,203,1,0,1,1.0,1.0,0.0,0.003478261,0.003478261,0.002840421963888994,17,0.0,0,0.006017429178026285
124,lAla,0.0,0.0,0.0,71,0,0,0,0.0,0.0,0.0,0.0,0.0,6.784410185543174E-4,81,0.0,0,0.0
125,aDDA,7.0,4.050632911392405,0.0,102,2,1,3,3.0,2.0,1.0,0.0052173915,0.0052173915,0.0020252902091554494,2,1.0,1,0.04462866622691388
126,maMdira,8.0,4.746835443037975,0.0,72,1,0,1,1.0,1.0,0.0,0.003478261,0.003478261,0.0023117481327877116,2,0.0,0,0.007107907031478341
127,videshI,0.0,0.0,0.0,73,0,0,0,0.0,0.0,0.0,0.0,0.0,6.784410185543174E-4,82,0.0,0,0.0
128,nadI,7.0,3.5316455696202533,488.1571428571433,103,4,4,8,13.0,8.0,5.0,0.015652174,0.015652174,0.009578842709776807,2,0.03571428571428571,1,0.10846698731505029
129,mugala,9.0,5.430379746835443,0.0,128,1,0,1,1.0,1.0,0.0,0.003478261,0.003478261,0.002382975188666264,2,0.0,0,0.004516044565861771
130,kArtika,0.0,0.0,0.0,74,0,0,0,0.0,0.0,0.0,0.0,0.0,6.784410185543174E-4,83,0.0,0,0.0
131,samudrI,0.0,0.0,0.0,75,0,0,0,0.0,0.0,0.0,0.0,0.0,6.784410185543174E-4,84,0.0,0,0.0
132,kAMca,0.0,0.0,0.0,76,0,0,0,0.0,0.0,0.0,0.0,0.0,6.784410185543174E-4,85,0.0,0,0.0
133,maTha,0.0,0.0,0.0,77,0,0,0,0.0,0.0,0.0,0.0,0.0,6.784410185543174E-4,86,0.0,0,0.0
134,samAja,0.0,0.0,0.0,78,0,0,0,0.0,0.0,0.0,0.0,0.0,6.784410185543174E-4,87,0.0,0,0.0
135,imArata,8.0,4.69620253164557,155.0,72,1,2,3,3.0,1.0,2.0,0.006956522,0.006956522,0.00681317079634499,2,0.0,0,0.010748976309698432
136,kAmoM,0.0,0.0,0.0,79,0,0,0,0.0,0.0,0.0,0.0,0.0,6.784410185543174E-4,88,0.0,0,0.0
137,sAmAna,0.0,0.0,0.0,80,0,0,0,0.0,0.0,0.0,0.0,0.0,6.784410185543174E-4,89,0.0,0,0.0
138,mahala,9.0,5.6835443037974684,0.0,72,1,0,1,1.0,1.0,0.0,0.003478261,0.003478261,0.0026260440574932616,2,0.0,0,0.0033140154959494616
139,tyohAra,1.0,1.0,1.0,201,0,2,2,2.0,0.0,2.0,0.0052173915,0.0052173915,0.006923449609712034,77,0.0,0,0.003308281424682205
140,triveNI,7.0,3.810126582278481,22.00000000000003,103,2,0,2,3.0,3.0,0.0,0.0052173915,0.0052173915,0.0028002967834365217,2,0.0,0,0.043516512489749214
141,mauja,0.0,0.0,0.0,81,0,0,0,0.0,0.0,0.0,0.0,0.0,6.784410185543174E-4,90,0.0,0,0.0
142,shahara,6.0,2.8734177215189876,739.9388888888885,82,4,10,14,14.0,4.0,10.0,0.026086956,0.026086956,0.019812921330133786,2,0.03296703296703297,3,0.4087540311679369
143,saMta,9.0,4.478260869565218,0.0,125,0,1,1,1.0,0.0,1.0,0.003478261,0.003478261,0.002956785330895131,0,0.0,0,0.002400192452768269
144,saMkhyA,0.0,0.0,0.0,83,0,0,0,0.0,0.0,0.0,0.0,0.0,6.784410185543174E-4,91,0.0,0,0.0
145,nAga,1.0,1.0,0.0,115,1,0,1,1.0,1.0,0.0,0.003478261,0.003478261,0.00474583486527308,92,0.0,0,0.0015513495029228692
146,U.nToM,0.0,0.0,0.0,84,0,0,0,0.0,0.0,0.0,0.0,0.0,6.784410185543174E-4,93,0.0,0,0.0
147,mahAtmA,7.0,2.652173913043478,42.0,125,1,1,2,2.0,1.0,1.0,0.0052173915,0.0052173915,0.004899821463735415,0,0.0,0,0.013916335999030548
148,sthApanA,0.0,0.0,0.0,85,0,0,0,0.0,0.0,0.0,0.0,0.0,6.784410185543174E-4,94,0.0,0,0.0
149,prayAga,10.0,6.3544303797468356,0.0,103,1,0,1,1.0,1.0,0.0,0.003478261,0.003478261,0.0022922081464842757,2,0.0,0,0.002713289708000104
150,dvIpa,7.0,3.481012658227848,0.0,102,1,0,1,1.0,1.0,0.0,0.003478261,0.003478261,0.0013836980352913638,2,0.0,0,0.10204680643702294
151,kShetra,6.0,2.9240506329113924,996.0,128,1,3,4,4.0,1.0,3.0,0.008695652,0.008695652,0.005804251420833266,2,0.16666666666666666,1,0.11193109956161643
152,rAjA,5.0,2.8260869565217392,76.0,132,1,1,2,2.0,1.0,1.0,0.0052173915,0.0052173915,0.00474297547986857,0,0.0,0,0.007411939438893904
153,pattharoM,0.0,0.0,0.0,86,0,0,0,0.0,0.0,0.0,0.0,0.0,6.784410185543174E-4,95,0.0,0,0.0
154,akTUbara,0.0,0.0,0.0,87,0,0,0,0.0,0.0,0.0,0.0,0.0,6.784410185543174E-4,96,0.0,0,0.0
155,maI,0.0,0.0,0.0,88,0,0,0,0.0,0.0,0.0,0.0,0.0,6.784410185543174E-4,97,0.0,0,0.0
156,nAriyala,0.0,0.0,0.0,89,0,0,0,0.0,0.0,0.0,0.0,0.0,6.784410185543174E-4,98,0.0,0,0.0
157,saira,0.0,0.0,0.0,90,0,0,0,0.0,0.0,0.0,0.0,0.0,6.784410185543174E-4,99,0.0,0,0.0
158,kerala,6.0,3.2911392405063293,38.5,147,2,0,2,2.0,2.0,0.0,0.0052173915,0.0052173915,0.0027238021162412822,2,0.0,0,0.09463958186361253
159,trideva,8.0,5.173913043478261,22.0,132,2,0,2,4.0,4.0,0.0,0.0052173915,0.0052173915,0.005464279458574667,0,0.0,0,0.004002254452092381
160,AMdolana,0.0,0.0,0.0,91,0,0,0,0.0,0.0,0.0,0.0,0.0,6.784410185543174E-4,100,0.0,0,0.0
161,AMdolana,0.0,0.0,0.0,92,0,0,0,0.0,0.0,0.0,0.0,0.0,6.784410185543174E-4,101,0.0,0,0.0
162,taTa,6.0,2.8987341772151898,243.4007936507938,102,4,1,5,6.0,4.0,2.0,0.010434783,0.010434783,0.004625686106161569,2,0.3,3,0.36465142518831706
163,kendra,6.0,3.1265822784810124,4.938888888888888,102,4,0,4,4.0,4.0,0.0,0.008695652,0.008695652,0.0035992502536007854,2,0.5,3,0.34989436653330913
164,madada,0.0,0.0,0.0,93,0,0,0,0.0,0.0,0.0,0.0,0.0,6.784410185543174E-4,102,0.0,0,0.0
165,rUpAMtaraNa,0.0,0.0,0.0,94,0,0,0,0.0,0.0,0.0,0.0,0.0,6.784410185543174E-4,103,0.0,0,0.0
166,prajApati,7.0,4.304347826086956,42.0,132,0,2,2,3.0,0.0,3.0,0.0052173915,0.0052173915,0.005117862618492135,0,0.0,0,0.004611976267816372
167,kImatoM,0.0,0.0,0.0,95,0,0,0,0.0,0.0,0.0,0.0,0.0,6.784410185543174E-4,104,0.0,0,0.0
168,kAraNa,0.0,0.0,0.0,96,0,0,0,0.0,0.0,0.0,0.0,0.0,6.784410185543174E-4,105,0.0,0,0.0
169,milana,0.0,0.0,0.0,97,0,0,0,0.0,0.0,0.0,0.0,0.0,6.784410185543174E-4,106,0.0,0,0.0
170,citra,10.0,6.2405063291139244,0.0,128,1,0,1,1.0,1.0,0.0,0.003478261,0.003478261,0.002380836946252767,2,0.0,0,0.006135923407306955
171,ca.DhAve,0.0,0.0,0.0,98,0,0,0,0.0,0.0,0.0,0.0,0.0,6.784410185543174E-4,107,0.0,0,0.0
172,svataMtratA,2.0,1.875,0.0,203,1,0,1,1.0,1.0,0.0,0.003478261,0.003478261,0.002840421963888994,17,0.0,0,0.006017429178026285
173,cittau.Daga.Dha,7.0,3.8607594936708862,0.0,82,1,0,1,1.0,1.0,0.0,0.003478261,0.003478261,0.0018918124273840159,2,0.0,0,0.0448100991226362
174,khyAti,2.0,1.875,0.0,203,1,0,1,1.0,1.0,0.0,0.003478261,0.003478261,0.002840421963888994,17,0.0,0,0.006017429178026285
175,naukA,0.0,0.0,0.0,99,0,0,0,0.0,0.0,0.0,0.0,0.0,6.784410185543174E-4,108,0.0,0,0.0
176,brAhmaNa,7.0,2.8260869565217392,0.0,125,1,0,1,1.0,1.0,0.0,0.003478261,0.003478261,0.0026214771513946014,0,0.0,0,0.011516143546262281
177,devadUta,0.0,0.0,0.0,100,0,0,0,0.0,0.0,0.0,0.0,0.0,6.784410185543174E-4,109,0.0,0,0.0
178,baserA,0.0,0.0,0.0,101,0,0,0,0.0,0.0,0.0,0.0,0.0,6.784410185543174E-4,110,0.0,0,0.0
179,alIga.Dha,7.0,3.8607594936708862,0.0,82,1,0,1,1.0,1.0,0.0,0.003478261,0.003478261,0.0018918124273840159,2,0.0,0,0.0448100991226362
180,sTeshana,7.0,4.050632911392405,0.0,102,3,2,5,5.0,3.0,2.0,0.006956522,0.006956522,0.0028932853814829657,2,0.6666666666666666,2,0.05059564335771132
181,tIrtha,9.0,5.367088607594937,78.0,103,0,2,2,2.0,0.0,2.0,0.0052173915,0.0052173915,0.0037647071762358006,2,0.0,0,0.007950075735431848
182,ursa,0.0,0.0,0.0,104,0,0,0,0.0,0.0,0.0,0.0,0.0,6.784410185543174E-4,111,0.0,0,0.0
183,dIvAroM,0.0,0.0,0.0,105,0,0,0,0.0,0.0,0.0,0.0,0.0,6.784410185543174E-4,112,0.0,0,0.0
184,svAmI,0.0,0.0,0.0,106,0,0,0,0.0,0.0,0.0,0.0,0.0,6.784410185543174E-4,113,0.0,0,0.0
185,yaGYa,1.0,1.0,0.0,107,0,1,1,1.0,0.0,1.0,0.003478261,0.003478261,0.00474583486527308,29,0.0,0,0.0015513495029228692
186,mahimAmayI,2.0,1.6666666666666667,0.0,121,1,0,1,1.0,1.0,0.0,0.003478261,0.003478261,0.001929387493121687,25,0.0,0,0.0030874441607787436
187,nyauchAvara,0.0,0.0,0.0,108,0,0,0,0.0,0.0,0.0,0.0,0.0,6.784410185543174E-4,114,0.0,0,0.0
188,rAmanavamI,0.0,0.0,0.0,109,0,0,0,0.0,0.0,0.0,0.0,0.0,6.784410185543174E-4,115,0.0,0,0.0
189,AdhAra,0.0,0.0,0.0,110,0,0,0,0.0,0.0,0.0,0.0,0.0,6.784410185543174E-4,116,0.0,0,0.0
190,shAstra,0.0,0.0,0.0,111,0,0,0,0.0,0.0,0.0,0.0,0.0,6.784410185543174E-4,117,0.0,0,0.0
191,daurAna,0.0,0.0,0.0,112,0,0,0,0.0,0.0,0.0,0.0,0.0,6.784410185543174E-4,118,0.0,0,0.0
192,desha,6.0,3.3164556962025316,0.0,102,1,0,1,2.0,2.0,0.0,0.003478261,0.003478261,0.0014323673905329067,2,0.0,0,0.09085801074310094
193,navaMbara,0.0,0.0,0.0,113,0,0,0,0.0,0.0,0.0,0.0,0.0,6.784410185543174E-4,119,0.0,0,0.0
194,pakShI,0.0,0.0,0.0,114,0,0,0,0.0,0.0,0.0,0.0,0.0,6.784410185543174E-4,120,0.0,0,0.0
195,sarpa,1.0,1.0,0.0,115,0,1,1,1.0,0.0,1.0,0.003478261,0.003478261,0.00474583486527308,92,0.0,0,0.0015513495029228692
196,dau.Da,0.0,0.0,0.0,116,0,0,0,0.0,0.0,0.0,0.0,0.0,6.784410185543174E-4,121,0.0,0,0.0
197,dau.Da,0.0,0.0,0.0,117,0,0,0,0.0,0.0,0.0,0.0,0.0,6.784410185543174E-4,122,0.0,0,0.0
198,yamunA,8.0,4.518987341772152,0.0,103,1,0,1,1.0,1.0,0.0,0.003478261,0.003478261,0.0017048768711151008,2,0.0,0,0.014757058655007807
199,udyogoM,0.0,0.0,0.0,118,0,0,0,0.0,0.0,0.0,0.0,0.0,6.784410185543174E-4,123,0.0,0,0.0
200,skUla,0.0,0.0,0.0,119,0,0,0,0.0,0.0,0.0,0.0,0.0,6.784410185543174E-4,124,0.0,0,0.0
201,AgarA,7.0,3.8607594936708862,0.0,82,1,0,1,1.0,1.0,0.0,0.003478261,0.003478261,0.0018918124273840159,2,0.0,0,0.0448100991226362
202,ahiMsA,0.0,0.0,0.0,120,0,0,0,0.0,0.0,0.0,0.0,0.0,6.784410185543174E-4,125,0.0,0,0.0
203,saMketa,2.0,1.3333333333333333,0.0,121,2,0,2,2.0,2.0,0.0,0.0052173915,0.0052173915,0.002781164815525222,25,1.0,1,0.006399216471670329
204,parata,0.0,0.0,0.0,122,0,0,0,0.0,0.0,0.0,0.0,0.0,6.784410185543174E-4,126,0.0,0,0.0
205,purANa,0.0,0.0,0.0,123,0,0,0,0.0,0.0,0.0,0.0,0.0,6.784410185543174E-4,127,0.0,0,0.0
206,tIrthayAtrI,0.0,0.0,0.0,124,0,0,0,0.0,0.0,0.0,0.0,0.0,6.784410185543174E-4,128,0.0,0,0.0
207,bhaktoM,7.0,2.8260869565217392,0.0,125,1,0,1,1.0,1.0,0.0,0.003478261,0.003478261,0.0026214771513946014,0,0.0,0,0.011516143546262281
208,bailoM,1.0,1.0,0.0,126,1,0,1,1.0,1.0,0.0,0.003478261,0.003478261,0.00474583486527308,12,0.0,0,0.0015513495029228692
209,sAhityoM,0.0,0.0,0.0,127,0,0,0,0.0,0.0,0.0,0.0,0.0,6.784410185543174E-4,129,0.0,0,0.0
210,uttara,6.0,3.1139240506329116,0.0,128,2,0,2,2.0,2.0,0.0,0.0052173915,0.0052173915,0.0026750400029055127,2,1.0,1,0.10431009173668672
211,istemAla,0.0,0.0,0.0,129,0,0,0,0.0,0.0,0.0,0.0,0.0,6.784410185543174E-4,130,0.0,0,0.0
212,janmasthAna,6.0,3.1265822784810124,4.938888888888888,102,4,0,4,4.0,4.0,0.0,0.008695652,0.008695652,0.0035992502536007854,2,0.5,3,0.34989436653330913
213,kalA,9.0,5.253164556962025,311.49999999999994,128,0,7,7,7.0,0.0,7.0,0.013913044,0.013913044,0.013876183179437604,2,0.0,0,0.020992607967783336
214,prayAga,7.0,3.8354430379746836,0.0,102,1,0,1,1.0,1.0,0.0,0.003478261,0.003478261,0.0015551537276494933,2,0.0,0,0.03949518777903146
215,gaMgA,8.0,4.493670886075949,5.166666666666666,103,1,1,2,3.0,1.0,2.0,0.0052173915,0.0052173915,0.0029050929261213226,2,0.0,0,0.020671647302710313
216,padma,8.0,3.518987341772152,131.6500000000001,103,2,1,3,4.0,2.0,2.0,0.006956522,0.006956522,0.0029849361046023802,2,0.0,0,0.1663621518275167
217,puShkara,8.0,3.911392405063291,147.5523809523809,103,4,3,7,14.0,8.0,6.0,0.012173913,0.012173913,0.0068989740178021525,2,0.13333333333333333,2,0.055742093710473846
218,cAMda,0.0,0.0,0.0,130,0,0,0,0.0,0.0,0.0,0.0,0.0,6.784410185543174E-4,131,0.0,0,0.0
219,prArambha,0.0,0.0,0.0,131,0,0,0,0.0,0.0,0.0,0.0,0.0,6.784410185543174E-4,132,0.0,0,0.0
220,brahmA,9.0,6.130434782608695,0.0,132,0,1,1,2.0,0.0,2.0,0.003478261,0.003478261,0.0030169427855929127,0,0.0,0,0.0022263527548478865
221,lekhana,0.0,0.0,0.0,133,0,0,0,0.0,0.0,0.0,0.0,0.0,6.784410185543174E-4,133,0.0,0,0.0
222,bImAriyoM,2.0,1.875,0.0,203,1,0,1,1.0,1.0,0.0,0.003478261,0.003478261,0.002840421963888994,17,0.0,0,0.006017429178026285
223,sAhiba,0.0,0.0,0.0,134,0,0,0,0.0,0.0,0.0,0.0,0.0,6.784410185543174E-4,134,0.0,0,0.0
224,vishva,6.0,3.1265822784810124,4.938888888888888,102,4,0,4,4.0,4.0,0.0,0.008695652,0.008695652,0.0035992502536007854,2,0.5,3,0.34989436653330913
225,meloM,0.0,0.0,0.0,135,0,0,0,0.0,0.0,0.0,0.0,0.0,6.784410185543174E-4,135,0.0,0,0.0
226,hindU,0.0,0.0,0.0,136,0,0,0,0.0,0.0,0.0,0.0,0.0,6.784410185543174E-4,136,0.0,0,0.0
227,pUrvaja,0.0,0.0,0.0,137,0,0,0,0.0,0.0,0.0,0.0,0.0,6.784410185543174E-4,137,0.0,0,0.0
228,laka.DI,0.0,0.0,0.0,138,0,0,0,0.0,0.0,0.0,0.0,0.0,6.784410185543174E-4,138,0.0,0,0.0
229,lekhana,0.0,0.0,0.0,139,0,0,0,0.0,0.0,0.0,0.0,0.0,6.784410185543174E-4,139,0.0,0,0.0
230,pratimA,0.0,0.0,0.0,140,0,0,0,0.0,0.0,0.0,0.0,0.0,6.784410185543174E-4,140,0.0,0,0.0
231,hastashilpa,10.0,6.2405063291139244,0.0,128,1,0,1,1.0,1.0,0.0,0.003478261,0.003478261,0.002380836946252767,2,0.0,0,0.006135923407306955
232,toraNa,0.0,0.0,0.0,141,0,0,0,0.0,0.0,0.0,0.0,0.0,6.784410185543174E-4,141,0.0,0,0.0
233,itihAsa,0.0,0.0,0.0,142,0,0,0,0.0,0.0,0.0,0.0,0.0,6.784410185543174E-4,142,0.0,0,0.0
234,sTeshana,6.0,3.0759493670886076,158.93888888888893,102,4,2,6,6.0,4.0,2.0,0.012173913,0.012173913,0.005087255079387803,2,0.26666666666666666,4,0.36277939266136233
235,pratibhA,1.0,1.0,0.0,171,1,0,1,1.0,1.0,0.0,0.003478261,0.003478261,0.00474583486527308,143,0.0,0,0.0015513495029228692
236,maMjila,0.0,0.0,0.0,143,0,0,0,0.0,0.0,0.0,0.0,0.0,6.784410185543174E-4,144,0.0,0,0.0
237,dharatI,7.0,3.3164556962025316,63.47619047619046,103,2,0,2,4.0,4.0,0.0,0.0052173915,0.0052173915,0.0024800485522118794,2,0.0,0,0.10752546927618298
238,daragAha,0.0,0.0,0.0,144,0,0,0,0.0,0.0,0.0,0.0,0.0,6.784410185543174E-4,145,0.0,0,0.0
239,basa,0.0,0.0,0.0,145,0,0,0,0.0,0.0,0.0,0.0,0.0,6.784410185543174E-4,146,0.0,0,0.0
240,satyAgraha,0.0,0.0,0.0,146,0,0,0,0.0,0.0,0.0,0.0,0.0,6.784410185543174E-4,147,0.0,0,0.0
241,pArka,6.0,3.1265822784810124,4.938888888888888,102,4,0,4,4.0,4.0,0.0,0.008695652,0.008695652,0.0035992502536007854,2,0.5,3,0.34989436653330913
242,parisara,6.0,3.1265822784810124,4.938888888888888,102,4,0,4,4.0,4.0,0.0,0.008695652,0.008695652,0.0035992502536007854,2,0.5,3,0.34989436653330913
243,hiMda,6.0,3.2911392405063293,38.5,147,2,0,2,4.0,4.0,0.0,0.0052173915,0.0052173915,0.0027238021162412822,2,0.0,0,0.09463958186361253
244,pikanika,0.0,0.0,0.0,148,0,0,0,0.0,0.0,0.0,0.0,0.0,6.784410185543174E-4,148,0.0,0,0.0
245,dina,2.0,1.3333333333333333,0.75,167,0,4,4,4.0,0.0,4.0,0.008695652,0.008695652,0.003751172813019515,7,0.5,3,0.0277712444714378
246,khetI,0.0,0.0,0.0,149,0,0,0,0.0,0.0,0.0,0.0,0.0,6.784410185543174E-4,149,0.0,0,0.0
247,roshanI,0.0,0.0,0.0,150,0,0,0,0.0,0.0,0.0,0.0,0.0,6.784410185543174E-4,150,0.0,0,0.0
248,dRRishya,0.0,0.0,0.0,151,0,0,0,0.0,0.0,0.0,0.0,0.0,6.784410185543174E-4,151,0.0,0,0.0
249,phala,0.0,0.0,0.0,152,0,0,0,0.0,0.0,0.0,0.0,0.0,6.784410185543174E-4,152,0.0,0,0.0
250,shAsaka,5.0,2.217391304347826,123.0,132,1,3,4,4.0,1.0,3.0,0.008695652,0.008695652,0.00920892592535889,0,0.0,0,0.018387871331416776
251,dRRishya,0.0,0.0,0.0,153,0,0,0,0.0,0.0,0.0,0.0,0.0,6.784410185543174E-4,153,0.0,0,0.0
252,AshvAsana,0.0,0.0,0.0,154,0,0,0,0.0,0.0,0.0,0.0,0.0,6.784410185543174E-4,154,0.0,0,0.0
253,paraMparAoM,0.0,0.0,0.0,155,0,0,0,0.0,0.0,0.0,0.0,0.0,6.784410185543174E-4,155,0.0,0,0.0
254,tAroM,0.0,0.0,0.0,156,0,0,0,0.0,0.0,0.0,0.0,0.0,6.784410185543174E-4,156,0.0,0,0.0
255,sUryodaya,0.0,0.0,0.0,157,0,0,0,0.0,0.0,0.0,0.0,0.0,6.784410185543174E-4,157,0.0,0,0.0
256,girajAghara,0.0,0.0,0.0,158,0,0,0,0.0,0.0,0.0,0.0,0.0,6.784410185543174E-4,158,0.0,0,0.0
257,cAvala,0.0,0.0,0.0,159,0,0,0,0.0,0.0,0.0,0.0,0.0,6.784410185543174E-4,159,0.0,0,0.0
258,grAmINa,7.0,2.8260869565217392,0.0,125,1,0,1,1.0,1.0,0.0,0.003478261,0.003478261,0.0026214771513946014,0,0.0,0,0.011516143546262281
259,Arya,9.0,5.455696202531645,0.0,128,1,0,1,1.0,1.0,0.0,0.003478261,0.003478261,0.0023627145157320067,2,0.0,0,0.003920927915077802
260,kavaca,0.0,0.0,0.0,160,0,0,0,0.0,0.0,0.0,0.0,0.0,6.784410185543174E-4,160,0.0,0,0.0
261,sthAna,7.0,2.7721518987341773,356.7166666666668,102,0,20,20,20.0,0.0,20.0,0.03652174,0.03652174,0.017052719510621865,2,0.08947368421052632,17,0.7639701921223139
262,jayapura,7.0,3.8607594936708862,0.0,82,1,0,1,1.0,1.0,0.0,0.003478261,0.003478261,0.0018918124273840159,2,0.0,0,0.0448100991226362
263,mAgha,0.0,0.0,0.0,161,0,0,0,0.0,0.0,0.0,0.0,0.0,6.784410185543174E-4,161,0.0,0,0.0
264,khaMjara,0.0,0.0,0.0,162,0,0,0,0.0,0.0,0.0,0.0,0.0,6.784410185543174E-4,162,0.0,0,0.0
265,darabAra,6.0,3.1265822784810124,4.938888888888888,102,4,0,4,4.0,4.0,0.0,0.008695652,0.008695652,0.0035992502536007854,2,0.5,3,0.34989436653330913
266,bhAratIya,0.0,0.0,0.0,163,0,0,0,0.0,0.0,0.0,0.0,0.0,6.784410185543174E-4,163,0.0,0,0.0
267,dakShiNa,0.0,0.0,0.0,164,0,0,0,0.0,0.0,0.0,0.0,0.0,6.784410185543174E-4,164,0.0,0,0.0
268,sone,0.0,0.0,0.0,165,0,0,0,0.0,0.0,0.0,0.0,0.0,6.784410185543174E-4,165,0.0,0,0.0
269,pUjA,0.0,0.0,0.0,166,0,0,0,0.0,0.0,0.0,0.0,0.0,6.784410185543174E-4,166,0.0,0,0.0
270,sAmaMta,7.0,2.8260869565217392,0.0,125,1,0,1,1.0,1.0,0.0,0.003478261,0.003478261,0.0026214771513946014,0,0.0,0,0.011516143546262281
271,bhUtakAla,2.0,1.3333333333333333,0.75,167,4,0,4,4.0,4.0,0.0,0.008695652,0.008695652,0.003751172813019515,7,0.5,3,0.0277712444714378
272,jArja,8.0,3.5217391304347827,22.0,125,2,0,2,2.0,2.0,0.0,0.0052173915,0.0052173915,0.0052874409967439365,0,0.0,0,0.005493947864805629
273,briTisha,0.0,0.0,0.0,168,0,0,0,0.0,0.0,0.0,0.0,0.0,6.784410185543174E-4,167,0.0,0,0.0
274,pRRithvIrAja,6.0,3.5217391304347827,60.0,132,2,0,2,2.0,2.0,0.0,0.0052173915,0.0052173915,0.004915507269953472,0,0.0,0,0.005067926341143006
275,merI,0.0,0.0,0.0,169,0,0,0,0.0,0.0,0.0,0.0,0.0,6.784410185543174E-4,168,0.0,0,0.0
276,kone,8.0,3.7341772151898733,0.05,102,2,0,2,2.0,2.0,0.0,0.0052173915,0.0052173915,0.0021400668648851495,2,0.0,0,0.1569895493531857
277,hA.cla,0.0,0.0,0.0,170,0,0,0,0.0,0.0,0.0,0.0,0.0,6.784410185543174E-4,169,0.0,0,0.0
278,shakti,1.0,1.0,0.0,171,0,1,1,1.0,0.0,1.0,0.003478261,0.003478261,0.00474583486527308,143,0.0,0,0.0015513495029228692
279,buddha,0.0,0.0,0.0,172,0,0,0,0.0,0.0,0.0,0.0,0.0,6.784410185543174E-4,170,0.0,0,0.0
280,AshIrvAda,0.0,0.0,0.0,173,0,0,0,0.0,0.0,0.0,0.0,0.0,6.784410185543174E-4,171,0.0,0,0.0
281,dastakAra,7.0,2.8260869565217392,0.0,125,1,0,1,1.0,1.0,0.0,0.003478261,0.003478261,0.0026214771513946014,0,0.0,0,0.011516143546262281
282,snAna,0.0,0.0,0.0,174,1,1,2,2.0,1.0,1.0,0.003478261,0.003478261,0.0011872931445914134,172,0.0,0,0.0015513495029228692
283,mana,0.0,0.0,0.0,175,0,0,0,0.0,0.0,0.0,0.0,0.0,6.784410185543174E-4,173,0.0,0,0.0
284,bhi.DaMta,0.0,0.0,0.0,176,0,0,0,0.0,0.0,0.0,0.0,0.0,6.784410185543174E-4,174,0.0,0,0.0
285,saMgama,6.0,2.848101265822785,413.23412698412693,102,5,2,7,8.0,6.0,2.0,0.013913044,0.013913044,0.007158935073290093,2,0.14285714285714285,3,0.375665356903545
286,cama.De,0.0,0.0,0.0,177,0,0,0,0.0,0.0,0.0,0.0,0.0,6.784410185543174E-4,175,0.0,0,0.0
287,daMtakathA,2.0,1.5,0.0,178,1,0,1,1.0,1.0,0.0,0.003478261,0.003478261,0.003657027493053601,73,0.0,0,0.0021076158471247473
288,ilAhAbAda,0.0,0.0,0.0,179,0,0,0,0.0,0.0,0.0,0.0,0.0,6.784410185543174E-4,176,0.0,0,0.0
289,upanAma,1.0,1.0,0.0,200,1,0,1,1.0,1.0,0.0,0.003478261,0.003478261,0.00474583486527308,177,0.0,0,0.0015513495029228692
290,sAtha,0.0,0.0,0.0,180,0,0,0,0.0,0.0,0.0,0.0,0.0,6.784410185543174E-4,178,0.0,0,0.0
291,phepha.De,0.0,0.0,0.0,181,0,0,0,0.0,0.0,0.0,0.0,0.0,6.784410185543174E-4,179,0.0,0,0.0
292,Aja,2.0,1.3333333333333333,0.75,167,4,0,4,4.0,4.0,0.0,0.008695652,0.008695652,0.003751172813019515,7,0.5,3,0.0277712444714378
293,jhIla,0.0,0.0,0.0,182,0,0,0,0.0,0.0,0.0,0.0,0.0,6.784410185543174E-4,180,0.0,0,0.0
294,sItA,0.0,0.0,0.0,183,0,0,0,0.0,0.0,0.0,0.0,0.0,6.784410185543174E-4,181,0.0,0,0.0
295,dUdha,0.0,0.0,0.0,184,0,0,0,0.0,0.0,0.0,0.0,0.0,6.784410185543174E-4,182,0.0,0,0.0
296,dhAna,1.0,1.0,0.0,185,0,1,1,2.0,0.0,2.0,0.003478261,0.003478261,0.0014455011889406666,183,0.0,0,0.0022117081888099127
297,dhAna,1.0,1.0,0.0,185,2,1,3,6.0,4.0,2.0,0.0052173915,0.0052173915,0.0026845625846838358,183,1.0,1,0.0038788475901975787
298,upadesha,1.0,1.0,0.0,2,1,0,1,1.0,1.0,0.0,0.003478261,0.003478261,0.00474583486527308,4,0.0,0,0.0015513495029228692
299,pracuratA,0.0,0.0,0.0,186,0,0,0,0.0,0.0,0.0,0.0,0.0,6.784410185543174E-4,184,0.0,0,0.0
300,daliye,0.0,0.0,0.0,187,0,0,0,0.0,0.0,0.0,0.0,0.0,6.784410185543174E-4,185,0.0,0,0.0
301,jala,8.0,3.9873417721518987,36.095238095238095,103,0,3,3,6.0,0.0,6.0,0.006956522,0.006956522,0.0038369504753523517,2,0.0,0,0.03142194638415418
302,bArAdarI,6.0,3.1265822784810124,4.938888888888888,102,4,0,4,4.0,4.0,0.0,0.008695652,0.008695652,0.0035992502536007854,2,0.5,3,0.34989436653330913
303,halacala,0.0,0.0,0.0,188,0,0,0,0.0,0.0,0.0,0.0,0.0,6.784410185543174E-4,186,0.0,0,0.0
304,vAstukalA,10.0,6.2405063291139244,0.0,128,1,0,1,1.0,1.0,0.0,0.003478261,0.003478261,0.002380836946252767,2,0.0,0,0.006135923407306955
305,Ama,0.0,0.0,0.0,189,0,0,0,0.0,0.0,0.0,0.0,0.0,6.784410185543174E-4,187,0.0,0,0.0
306,jodhapura,7.0,3.8607594936708862,0.0,82,1,0,1,1.0,1.0,0.0,0.003478261,0.003478261,0.0018918124273840159,2,0.0,0,0.0448100991226362
307,bharatapura,7.0,3.8607594936708862,0.0,82,1,0,1,1.0,1.0,0.0,0.003478261,0.003478261,0.0018918124273840159,2,0.0,0,0.0448100991226362
308,preraNA,0.0,0.0,0.0,190,0,0,0,0.0,0.0,0.0,0.0,0.0,6.784410185543174E-4,188,0.0,0,0.0
309,kharIdadArI,0.0,0.0,0.0,191,0,0,0,0.0,0.0,0.0,0.0,0.0,6.784410185543174E-4,189,0.0,0,0.0
310,pharavarI,0.0,0.0,0.0,192,0,0,0,0.0,0.0,0.0,0.0,0.0,6.784410185543174E-4,190,0.0,0,0.0
311,khetoM,0.0,0.0,0.0,193,0,0,0,0.0,0.0,0.0,0.0,0.0,6.784410185543174E-4,191,0.0,0,0.0
312,tala,0.0,0.0,0.0,194,0,0,0,0.0,0.0,0.0,0.0,0.0,6.784410185543174E-4,192,0.0,0,0.0
313,kRRiti,2.0,1.5,0.0,178,0,1,1,1.0,0.0,1.0,0.003478261,0.003478261,0.003657027493053601,73,0.0,0,0.0021076158471247473
314,taura,0.0,0.0,0.0,195,0,0,0,0.0,0.0,0.0,0.0,0.0,6.784410185543174E-4,193,0.0,0,0.0
315,dhyAna,0.0,0.0,0.0,196,0,0,0,0.0,0.0,0.0,0.0,0.0,6.784410185543174E-4,194,0.0,0,0.0
316,AkarShaNoM,0.0,0.0,0.0,197,0,0,0,0.0,0.0,0.0,0.0,0.0,6.784410185543174E-4,195,0.0,0,0.0
317,sUrya,0.0,0.0,0.0,198,0,0,0,0.0,0.0,0.0,0.0,0.0,6.784410185543174E-4,196,0.0,0,0.0
318,bindu,0.0,0.0,0.0,199,1,1,2,2.0,1.0,1.0,0.003478261,0.003478261,0.0011872931445914134,197,0.0,0,0.0015513495029228692
319,nAma,1.0,1.0,0.0,200,0,1,1,1.0,0.0,1.0,0.003478261,0.003478261,0.00474583486527308,177,0.0,0,0.0015513495029228692
320,jaisalamera,7.0,3.8607594936708862,0.0,82,1,0,1,1.0,1.0,0.0,0.003478261,0.003478261,0.0018918124273840159,2,0.0,0,0.0448100991226362
321,dashaharA,2.0,1.5,0.0,201,1,0,1,1.0,1.0,0.0,0.003478261,0.003478261,0.003657027493053601,77,0.0,0,0.0021076158471247473
322,varmA,0.0,0.0,0.0,202,0,0,0,0.0,0.0,0.0,0.0,0.0,6.784410185543174E-4,198,0.0,0,0.0
323,mAnavatA,2.0,1.875,0.0,203,1,0,1,1.0,1.0,0.0,0.003478261,0.003478261,0.002840421963888994,17,0.0,0,0.006017429178026285
324,dharma,1.0,1.0,0.0,204,0,1,1,1.0,0.0,1.0,0.003478261,0.003478261,0.00474583486527308,42,0.0,0,0.0015513495029228692
325,kilA,7.0,3.8860759493670884,0.0,72,1,0,1,1.0,1.0,0.0,0.003478261,0.003478261,0.0017106000371290538,2,0.0,0,0.039326843960242275
326,saMgamaramara,0.0,0.0,0.0,205,0,0,0,0.0,0.0,0.0,0.0,0.0,6.784410185543174E-4,199,0.0,0,0.0
327,makabarA,9.0,5.6835443037974684,0.0,72,1,0,1,1.0,1.0,0.0,0.003478261,0.003478261,0.0026260440574932616,2,0.0,0,0.0033140154959494616
328,sUryAsta,0.0,0.0,0.0,206,0,0,0,0.0,0.0,0.0,0.0,0.0,6.784410185543174E-4,200,0.0,0,0.0
329,gA.nva,0.0,0.0,0.0,207,0,0,0,0.0,0.0,0.0,0.0,0.0,6.784410185543174E-4,201,0.0,0,0.0
330,bhagavAna,0.0,0.0,0.0,208,0,0,0,0.0,0.0,0.0,0.0,0.0,6.784410185543174E-4,202,0.0,0,0.0
331,dukAnoM,6.0,3.1265822784810124,4.938888888888888,102,4,0,4,4.0,4.0,0.0,0.008695652,0.008695652,0.0035992502536007854,2,0.5,3,0.34989436653330913
332,dUtAvAsa,7.0,3.8860759493670884,0.0,72,1,0,1,1.0,1.0,0.0,0.003478261,0.003478261,0.0017106000371290538,2,0.0,0,0.039326843960242275
333,samAdhiyoM,6.0,3.1265822784810124,4.938888888888888,102,4,0,4,4.0,4.0,0.0,0.008695652,0.008695652,0.0035992502536007854,2,0.5,3,0.34989436653330913
334,sadI,0.0,0.0,0.0,209,0,0,0,0.0,0.0,0.0,0.0,0.0,6.784410185543174E-4,203,0.0,0,0.0
335,utpAdoM,0.0,0.0,0.0,210,0,0,0,0.0,0.0,0.0,0.0,0.0,6.784410185543174E-4,204,0.0,0,0.0
336,AnaMda,0.0,0.0,0.0,211,1,1,2,2.0,1.0,1.0,0.003478261,0.003478261,0.0011872931445914134,205,0.0,0,0.0015513495029228692
337,manoraMjana,0.0,0.0,0.0,212,0,0,0,0.0,0.0,0.0,0.0,0.0,6.784410185543174E-4,0,0.0,0,0.0
338,staMbha,0.0,0.0,0.0,213,0,0,0,0.0,0.0,0.0,0.0,0.0,6.784410185543174E-4,0,0.0,0,0.0
339,gho.DoM,0.0,0.0,0.0,214,0,0,0,0.0,0.0,0.0,0.0,0.0,6.784410185543174E-4,0,0.0,0,0.0
340,dhyAna,2.0,1.875,0.0,203,1,0,1,1.0,1.0,0.0,0.003478261,0.003478261,0.002840421963888994,17,0.0,0,0.006017429178026285
